q24r1,avg_q24r2r3,avg_q25r1r2r3,q26r3,q26r4,q26r5,X,clusterresults.cluster,numdata$q1
2,2,1.666666667,4,1,1,1853,2,2
5,1.5,2.666666667,4,3,3,1097,1,2
6,1,2.666666667,2,5,4,65,1,6
4,3,2,2,3,4,1762,1,2
2,1.5,3,2,4,4,1016,3,4
1,5,2.666666667,3,2,3,1511,2,1
4,3.5,3,4,5,3,1404,3,3
4,1,3.333333333,1,2,2,1027,1,5
5,1.5,2.666666667,3,6,4,729,3,3
3,3,2,1,1,2,751,2,4
4,1.5,2,1,2,4,121,1,3
6,1,1,2,4,2,628,1,2
2,1.5,1,2,2,1,2117,2,2
4,2,2.333333333,2,4,5,1317,3,6
5,1.5,1.333333333,3,3,4,1349,1,2
3,1.5,2.333333333,2,4,3,277,3,7
1,1,1.333333333,1,5,1,1891,2,4
4,3.5,2.333333333,4,2,2,2139,1,3
1,1,2,3,3,4,1112,2,2
4,2,2.666666667,2,2,2,1861,1,4
1,1,1.666666667,5,2,2,908,2,2
6,2,1.333333333,1,2,2,1345,1,3
6,4.5,5.666666667,2,2,5,2030,1,9
3,2,3,3,4,4,1449,3,7
2,2.5,2.333333333,2,2,3,2310,2,4
3,1.5,2.666666667,4,3,3,420,3,2
1,1,1,1,1,1,431,2,2
3,2.5,4.666666667,1,1,6,550,3,3
3,3,3,3,2,2,2146,2,3
3,1.5,2,3,4,3,256,3,2
4,3,2,2,2,2,2329,1,4
3,1.5,1,1,3,3,1833,2,6
4,2,3.333333333,3,2,2,720,1,3
2,1,3.333333333,1,3,4,1230,2,6
1,1,4.333333333,6,1,6,139,3,2
1,1,1.333333333,2,3,2,1099,2,2
1,1.5,2.666666667,1,2,3,1397,2,3
5,2,2,2,1,3,1378,1,2
3,1.5,1.666666667,1,4,3,2109,2,2
3,2,3.666666667,1,3,3,2307,1,4
6,1,2.666666667,3,5,3,1103,1,4
4,1.5,1.333333333,5,2,1,610,1,2
5,2,1.666666667,5,3,6,1543,3,3
4,2,3,3,3,5,1373,3,8
1,1,1.666666667,2,1,3,1375,2,3
3,4,1.666666667,3,4,4,1428,3,9
3,4,2.333333333,1,1,2,2242,2,3
4,1.5,2.666666667,2,4,4,1588,3,3
4,2.5,3,2,4,5,1193,3,3
3,1.5,1.666666667,2,5,4,1553,3,5
2,1,4,1,6,3,568,3,4
5,1,1.333333333,2,2,5,1731,1,7
4,1.5,2.333333333,1,5,3,1860,1,7
4,3,2.666666667,3,2,3,163,1,2
4,3.5,3,1,4,4,24,3,7
4,1,2,1,2,2,2347,1,5
4,3.5,3,3,4,4,493,3,4
3,1.5,3,1,3,4,306,1,2
5,2,2.333333333,1,2,3,862,1,3
3,3.5,1,1,1,1,413,2,4
1,1,1,1,1,1,616,2,2
2,2,3.333333333,1,2,4,1074,2,2
5,2.5,3.666666667,4,3,2,1114,1,2
5,1,2,2,2,2,1031,1,2
2,1,2,4,3,3,12,2,3
1,1,1,1,3,1,1245,2,2
1,2,2.666666667,3,5,5,1354,3,1
2,2.5,1.666666667,2,1,2,710,2,3
2,2.5,1,1,4,1,530,2,8
5,1,2,1,4,3,1663,1,6
3,1,2,4,1,2,1564,2,4
5,2,3.333333333,3,3,5,2382,1,5
1,3.5,4.333333333,1,6,6,1289,3,9
5,4.5,3,3,4,3,1248,3,10
3,1,3.333333333,1,3,2,1687,2,3
2,2.5,3.666666667,3,3,3,2123,3,3
5,4,2.333333333,1,3,6,999,1,7
2,2,1.333333333,6,6,6,852,3,4
2,1,2,1,1,1,31,2,11
4,3.5,3.333333333,4,4,4,245,3,2
3,2,2.666666667,4,3,3,1138,3,4
5,3,3.333333333,2,5,5,646,3,3
2,2,3,3,3,4,453,3,4
6,1,1.333333333,1,4,3,842,1,7
3,1.5,3.333333333,2,2,4,1162,1,7
3,1.5,3.333333333,1,1,2,2225,2,3
5,2,4.333333333,3,5,3,2078,3,3
3,3.5,3,4,3,5,519,3,2
3,1,2.666666667,3,3,3,1572,3,7
4,1.5,1.333333333,2,2,3,1755,1,10
3,2,3.666666667,2,4,6,2038,3,6
5,4,2,3,4,4,1611,3,9
2,3,1.333333333,3,2,3,1091,2,3
3,1,2,1,1,1,269,2,5
4,2,2,1,2,4,1371,1,2
3,1,4,1,1,3,1576,2,4
4,1,1.666666667,1,2,2,324,1,3
2,2,1.666666667,2,5,2,1390,3,2
1,1,1.333333333,1,1,2,133,2,5
5,2.5,1,5,3,6,2006,3,3
2,2,2,2,2,4,2224,2,4
3,2.5,3,2,4,3,1530,3,7
2,2,2,1,3,2,989,2,8
1,1.5,1,2,1,2,596,2,3
2,2.5,3,2,4,3,1312,3,6
1,2.5,1.666666667,1,1,3,1608,2,4
3,2,2.666666667,3,4,2,2282,3,3
1,1,2,2,4,3,1049,2,2
2,2,1.333333333,3,4,2,1110,2,4
5,5,3.333333333,2,5,5,437,3,3
1,1,1,1,1,1,2176,2,9
3,3,3,3,3,3,792,3,2
4,1,2,6,5,5,1329,3,11
5,1,3,3,4,4,2053,1,10
1,2,2.666666667,2,2,2,1149,2,4
1,1,1,1,1,1,767,2,4
2,1.5,2.666666667,1,1,1,1000,2,3
1,1,2.333333333,2,2,3,1882,2,1
5,1,1.666666667,4,4,3,1330,1,3
3,3.5,1.333333333,4,3,5,1603,3,10
2,2,1.666666667,2,1,3,567,2,2
2,1,1.666666667,2,2,3,2227,2,3
4,4.5,3.666666667,3,4,3,483,3,4
3,1.5,2,3,4,2,1771,3,2
1,1,4,2,5,3,145,3,7
5,1,2.666666667,2,4,4,1021,1,8
2,1,2.333333333,2,2,2,740,2,4
5,3.5,4.333333333,4,3,5,535,3,9
4,4,3.666666667,1,6,6,1830,3,5
5,1,2,1,4,3,547,1,5
3,1,1.333333333,1,3,3,2013,2,5
5,1,4,3,3,1,776,1,8
3,1.5,3.333333333,3,4,3,704,3,5
6,3.5,3.333333333,3,2,5,1932,1,6
5,2,2.666666667,3,6,3,1464,3,4
4,2.5,3.333333333,4,4,4,298,3,3
2,3.5,2.333333333,2,4,4,500,3,7
6,1,3,1,4,3,688,1,4
6,2,2.666666667,1,1,5,1715,1,10
6,1,2,2,1,6,1408,1,6
1,1,1,1,1,1,1164,2,9
3,3,1.333333333,1,2,2,266,2,2
6,2,1.333333333,1,3,1,142,1,8
5,2.5,2.333333333,3,3,2,1438,1,3
4,2,2,1,2,3,8,1,11
3,1,1,3,1,3,870,2,4
1,2,2.333333333,1,4,3,114,2,5
5,1,1.333333333,1,2,3,1674,1,4
5,1,1.666666667,1,3,1,1698,1,6
4,1,2.333333333,2,3,2,2040,1,3
2,1.5,1,2,1,1,514,2,3
2,1.5,2,2,3,4,687,2,3
1,3.5,1.333333333,2,5,4,88,3,2
4,1,1,1,1,4,320,1,6
3,2,4.333333333,2,5,5,2125,3,6
1,1,1,1,1,1,1083,2,3
4,1,1.333333333,1,1,1,2095,2,4
5,2,3,3,4,3,1906,1,6
3,2,1.666666667,1,2,1,480,2,2
3,1.5,2.333333333,2,3,1,777,2,4
1,1,2,1,3,2,1143,2,2
3,1,2,1,3,4,135,1,8
2,1.5,2.333333333,1,3,5,641,3,4
2,3,2,3,2,3,505,2,4
5,3,4.333333333,3,5,5,1458,3,8
2,1,2,1,1,3,1088,2,5
4,2,2.666666667,3,4,5,1909,3,3
1,1,1,1,2,2,1353,2,3
6,3.5,3.333333333,2,3,4,364,1,8
2,2,3,1,3,3,1557,2,4
4,2.5,3,2,3,3,2246,1,3
5,1,1,1,5,3,1325,1,9
3,1,1.333333333,3,1,3,1421,2,5
4,3,4,3,2,3,1642,1,7
3,2,3.666666667,2,2,3,2297,2,6
3,3.5,3.333333333,4,1,5,2322,3,2
3,1,1.666666667,1,4,4,1779,3,6
4,1,1,1,1,4,2264,1,5
1,1,1,1,1,1,2312,2,6
1,2,2,3,1,2,2180,2,2
6,4,2,4,4,4,931,3,2
4,1.5,3.333333333,3,4,3,263,3,6
1,3.5,1.333333333,1,5,3,1778,3,2
2,3,3.333333333,2,2,2,35,2,2
1,1.5,1.666666667,1,2,1,887,2,3
4,2,3.333333333,1,3,3,110,1,7
1,1,4,2,6,2,262,3,8
2,2,2,4,3,3,910,3,2
1,1.5,2.333333333,1,2,1,1023,2,2
2,1,4,4,6,2,679,3,2
6,2,3,1,2,5,797,1,4
1,1,2.666666667,1,1,1,2074,2,5
2,2,2.666666667,3,2,3,23,2,3
2,2.5,1.333333333,2,1,3,361,2,6
3,1,3.333333333,2,6,1,2160,3,2
2,1.5,3,1,3,3,565,2,7
4,2.5,2,2,1,1,2386,2,2
1,2.5,1.333333333,2,1,2,1287,2,1
5,1.5,3,3,4,4,2076,1,5
2,3.5,2.666666667,4,2,4,1581,3,11
6,1,1.666666667,3,3,3,1720,1,7
3,1.5,1.333333333,2,3,3,1340,2,6
5,2,2.666666667,3,3,3,1500,1,8
3,1,1.333333333,1,1,1,1476,2,2
4,1,3.333333333,1,3,3,215,1,8
3,1,1,2,1,2,1435,2,5
2,2,1.333333333,2,1,1,2208,2,3
4,3.5,2.666666667,2,4,2,72,1,4
2,1,2,2,5,2,975,2,6
5,3.5,2,2,4,3,763,1,7
1,1,2,1,4,1,1960,2,3
1,4,4.666666667,2,4,2,1171,3,6
4,2.5,2.666666667,3,3,3,2374,1,2
4,1.5,2,5,3,6,1842,3,2
1,1,2.333333333,2,4,4,1785,3,7
5,1.5,2,2,3,3,1700,1,9
3,2,2.333333333,3,2,2,2255,2,5
1,1,1,1,1,3,1529,2,4
5,3.5,1.333333333,2,5,5,2035,3,7
1,1.5,1,2,2,4,771,2,2
3,3,2.666666667,3,3,2,993,3,7
2,5,2.666666667,3,5,5,1571,3,7
4,1,3.666666667,1,3,3,1691,1,8
1,1,1,1,1,1,230,2,2
4,1.5,3,2,5,5,2091,3,9
3,2.5,2.333333333,1,1,3,2360,2,6
5,4,4,3,6,6,2183,3,9
3,2,1,1,1,4,1689,2,4
1,1,1,1,1,5,591,2,2
2,2,2.333333333,2,4,3,1071,3,3
3,3,3,3,2,3,2353,3,3
5,3.5,3,3,4,3,1217,3,9
5,1.5,1.333333333,2,2,3,180,1,6
3,1.5,2,2,3,4,1998,3,4
2,2,2,4,3,4,1613,3,8
4,2,3.333333333,4,3,3,800,3,2
5,3.5,2.666666667,3,3,3,430,1,4
3,2,2,3,3,4,240,3,7
5,3,3.666666667,3,5,3,680,3,3
6,1,3.333333333,1,5,4,15,1,2
5,1.5,3,2,4,3,1589,1,4
6,3.5,3,3,6,5,414,3,10
5,3.5,4,4,2,5,44,3,3
1,1,1,1,3,3,1843,2,7
2,4,3.333333333,1,1,5,355,2,5
2,2,2,2,2,2,214,2,5
6,1,6,6,6,6,243,3,2
6,4.5,3.666666667,5,1,4,267,1,1
3,1.5,3.333333333,2,3,4,2069,3,6
2,1.5,1.666666667,1,2,2,625,2,4
4,1,3.666666667,4,5,4,1829,3,7
3,2.5,2,3,4,4,1450,3,8
2,1,2,1,1,1,714,2,6
2,1,2,1,3,6,1528,3,8
4,2.5,3.666666667,2,4,4,1533,3,9
1,1,2.666666667,2,3,4,1671,2,3
5,1.5,2.333333333,1,2,5,1047,1,8
3,1.5,1,2,3,4,492,1,3
1,1,1,1,1,1,1870,2,7
2,2,2.333333333,1,1,4,1527,2,7
2,3,2.333333333,2,4,2,1418,2,6
2,2,2.333333333,2,3,3,404,2,4
4,2,1,2,4,5,274,3,9
1,1,1,1,1,1,2260,2,2
3,1,2.333333333,1,4,5,1794,3,2
2,1.5,2.333333333,4,2,4,1954,3,2
1,1,3.666666667,4,3,3,1536,3,1
4,1.5,2,1,4,1,1314,1,4
5,1,2.666666667,1,3,5,36,1,5
2,4,2.666666667,2,2,3,1009,2,2
5,3,3,2,5,4,2252,3,3
6,1,3,2,3,2,1545,1,7
3,3,3,3,3,3,1921,3,2
2,1,4,3,2,5,442,3,3
4,1,1,3,2,2,799,1,5
3,2.5,2.666666667,3,3,4,1640,3,8
4,5,3.666666667,1,6,1,2221,3,4
3,1,1,4,5,4,1286,3,6
5,2,2.666666667,3,4,4,1648,1,10
5,1,2,1,3,2,1264,1,3
2,4,2.666666667,3,6,4,1368,3,2
5,1.5,3,2,3,3,1987,1,3
6,1,2,1,1,3,1184,1,3
6,1,1,1,2,3,2081,1,5
1,1,1,1,1,6,411,2,5
6,3.5,2,2,2,3,1122,1,7
1,1,1,1,1,1,1185,2,4
3,1,3.666666667,6,3,3,1684,3,1
4,1.5,2.333333333,2,3,2,1269,1,2
1,1.5,1.666666667,2,2,1,323,2,2
5,5.5,3,6,1,3,1017,3,2
3,2,3,2,3,3,5,3,8
6,1,1,2,2,2,753,1,2
4,3,2.333333333,1,3,3,285,1,4
4,3.5,3,4,4,4,1202,3,2
4,2,3,5,4,3,1951,3,6
3,1,1.333333333,2,5,6,1646,3,3
1,1,1,1,2,3,2022,2,3
2,3,2.333333333,4,3,3,99,3,2
3,1.5,1.333333333,1,2,1,216,2,9
4,1,2.333333333,2,3,4,676,1,7
2,2.5,2.333333333,2,2,1,2366,2,6
4,2,3,4,3,3,196,3,5
4,1,1,2,1,4,282,1,3
1,2,2,2,2,1,725,2,3
5,1,1,4,3,3,182,1,5
1,1,1,1,4,3,1662,2,5
3,4,4.666666667,3,6,5,566,3,8
3,1,2.666666667,3,4,4,2135,3,2
1,1,1.666666667,2,2,2,2151,2,2
4,3,3.333333333,3,4,4,2164,3,2
5,1.5,2.333333333,1,5,3,1970,1,5
2,1,1,2,2,4,711,2,2
5,3.5,4.666666667,5,6,5,393,3,4
5,2.5,5.333333333,4,6,3,570,3,4
2,1,2.333333333,2,2,1,2351,2,2
4,2.5,1.666666667,4,4,5,731,3,5
4,2,1,1,2,2,1344,1,3
4,1.5,1,1,1,1,2065,2,3
1,1,1.333333333,2,1,1,689,2,3
3,2.5,2,3,5,3,1782,3,3
3,3,4,4,4,4,381,3,4
5,1.5,2,1,3,3,201,1,9
4,4.5,5,5,5,5,2375,3,7
5,3,3.333333333,3,1,4,575,1,2
3,4.5,4,3,3,3,905,3,2
4,2.5,2.666666667,3,1,3,2051,1,1
3,2,2.333333333,2,3,3,2232,2,4
3,3,3,6,6,6,1178,3,2
2,2,2.333333333,3,2,2,1028,2,5
3,1.5,1.333333333,1,3,3,1643,2,5
2,1,2,1,3,4,1552,2,3
1,1,1,2,1,1,1076,2,2
3,3,3,3,4,5,1694,3,7
4,3.5,2,3,4,3,18,3,8
3,4,4,3,3,3,1144,3,6
4,1,3,5,5,5,1283,3,9
1,1,1.333333333,1,2,2,538,2,4
1,1,1,1,1,1,937,2,3
4,1,3.333333333,3,2,4,1377,1,3
2,1,2.333333333,1,3,4,93,2,3
1,1,1.666666667,1,1,1,107,2,2
1,1,1,1,1,1,992,2,3
5,2,2.333333333,1,3,4,1347,1,3
2,2,3,2,2,2,2338,2,3
5,1.5,1.666666667,1,1,2,348,1,3
4,4,2.666666667,5,5,5,239,3,3
2,1,2,1,3,1,1180,2,2
1,1,1.666666667,4,1,1,450,2,5
2,2.5,3,3,3,3,1862,3,1
2,1,3.666666667,1,3,3,2086,2,4
5,1,1.666666667,4,2,3,1874,1,3
6,1,2.333333333,2,3,4,290,1,7
2,1,2,2,2,3,2070,2,4
4,2,3.333333333,2,3,3,98,1,8
4,3,1.666666667,4,3,3,1342,3,6
6,3.5,1.666666667,1,1,3,599,1,5
3,1.5,1.666666667,1,2,2,2303,2,4
5,2.5,1.666666667,1,3,3,1814,1,8
4,4,2.333333333,3,5,3,1008,3,2
6,1,1,1,2,2,339,1,2
5,1.5,1.333333333,1,3,5,1704,1,2
5,1,3,3,4,3,1895,1,2
2,1,2,1,3,3,1863,2,5
3,1,2,3,3,4,95,3,2
3,1,1.333333333,3,2,2,859,2,3
1,1,2,1,5,3,313,2,2
1,1,1,1,4,3,1030,2,2
3,2,3,4,2,3,721,3,2
1,1.5,3.666666667,3,4,5,521,3,4
5,1,2,4,4,4,2020,1,3
4,1,2.666666667,1,1,5,1109,1,2
5,1.5,3.333333333,5,3,5,1320,3,6
1,2,1,2,3,3,1981,2,2
5,1,2.333333333,1,2,1,518,1,6
2,3,2,5,5,5,1229,3,2
3,2.5,2.666666667,1,4,2,996,2,6
2,1.5,3.666666667,2,3,3,1319,2,5
1,1,1,3,5,5,1461,3,7
1,1,1,1,1,1,552,2,3
5,1,3,1,6,1,1490,1,8
2,1,1.666666667,2,3,2,1324,2,3
2,3,4.666666667,2,3,3,1265,3,7
4,2,2,3,2,4,2281,1,6
5,2.5,2.333333333,1,2,3,315,1,9
2,1,1,1,2,3,2042,2,4
3,3,3,3,3,3,804,3,6
4,2.5,2,4,4,3,1577,3,9
5,2,2.333333333,4,2,2,436,1,2
3,2.5,2.666666667,3,3,4,2178,3,3
3,2,3.333333333,3,3,5,2075,3,8
6,1,1,1,5,1,1308,1,2
3,1,2,3,5,3,1316,3,1
6,3,6,6,6,6,1946,3,7
6,1.5,1.666666667,1,4,3,349,1,3
6,1,1,3,3,5,1837,1,6
3,1,3.666666667,2,1,1,2285,2,4
5,1,3,1,3,4,841,1,2
4,2.5,1.333333333,2,1,3,1803,1,1
1,1,3.666666667,1,3,2,2265,2,3
3,2,4.666666667,1,4,3,153,3,4
2,4.5,5,4,4,4,772,3,2
5,1.5,2.666666667,1,3,2,268,1,2
3,1,3.666666667,2,5,5,28,3,7
3,1.5,2.333333333,2,1,2,2211,2,3
3,1.5,3,4,3,2,311,3,4
1,1,2,1,1,1,42,2,8
5,3,2.666666667,2,3,4,2008,1,6
3,1,1.333333333,1,1,1,1115,2,2
6,1,3.333333333,1,4,5,1246,1,4
3,3.5,3.666666667,3,4,3,382,3,2
2,1,1,1,1,3,786,2,2
3,3,3,3,3,3,1038,3,2
3,3,3,3,3,3,428,3,2
5,1,1,1,1,1,829,1,3
6,3,1.333333333,2,2,3,1220,1,2
6,3.5,1.666666667,1,2,2,1095,1,4
2,1,2,3,3,2,634,2,3
1,1,1,1,1,2,105,2,5
1,1,1,4,1,3,1036,2,4
1,1,1,3,3,3,45,2,3
1,1,1.333333333,2,1,2,472,2,2
6,6,5.333333333,1,4,6,1370,3,2
3,4,3.333333333,3,3,4,417,3,3
3,1.5,2,2,3,4,1832,3,4
1,1,1.666666667,3,2,2,353,2,6
6,1,1,1,2,1,1744,1,3
2,1,1,1,1,2,941,2,4
3,1,1.666666667,3,2,3,2286,2,5
3,3.5,4,3,4,4,824,3,9
6,1.5,3.333333333,1,5,4,765,1,10
2,1,2.333333333,1,3,3,1791,2,2
1,3.5,2.666666667,3,6,4,1905,3,8
5,2.5,2.333333333,4,6,5,1292,3,11
1,3,2,2,2,2,1170,2,2
6,3,3,1,5,2,1910,1,3
1,1,1,1,1,1,555,2,2
2,2,2,2,2,3,2280,2,3
2,1.5,2,3,3,2,1127,2,2
3,1.5,1,3,4,2,217,2,3
4,2,3,1,2,3,1011,1,5
3,3,3,3,2,3,589,3,6
5,1,2.333333333,5,5,5,1524,3,6
2,3,4,4,5,1,2294,3,2
1,1.5,2.666666667,1,1,1,1261,2,4
6,2,1,1,1,1,385,1,3
5,1,1.666666667,2,3,3,2048,1,6
3,1,1.666666667,1,2,3,1196,2,4
2,2,3.666666667,3,3,3,2126,3,2
6,1.5,2.666666667,2,5,4,833,1,6
1,1,2.333333333,2,3,2,2045,2,6
6,1.5,3.666666667,6,2,6,358,3,1
6,2,2,1,5,4,33,1,4
4,2.5,1.666666667,1,4,2,548,1,3
6,4.5,2.666666667,1,5,3,2094,1,8
5,1.5,2,3,3,5,1828,1,9
1,1,2.333333333,2,3,2,308,2,7
2,2,2,2,2,2,883,2,2
4,1,4,3,3,2,103,1,9
3,1.5,2.666666667,2,3,2,334,2,6
2,1,2,1,2,2,2083,2,4
2,1.5,2.666666667,2,2,2,61,2,2
5,4.5,5.333333333,1,6,3,2060,3,9
5,1.5,2,1,1,5,295,1,4
2,1.5,2.666666667,3,4,3,1062,3,2
2,2,3.333333333,2,6,3,470,3,2
5,2.5,2.666666667,2,2,3,636,1,9
5,1.5,2.333333333,2,2,3,678,1,4
2,3,3.333333333,1,4,2,389,2,2
6,1.5,1,2,4,6,2079,1,4
3,1,3.333333333,2,2,2,1809,2,10
2,1,1.666666667,3,3,6,949,3,3
5,2,2.666666667,1,4,5,562,1,3
3,1,1.666666667,1,1,1,1835,2,6
4,2.5,3,2,4,5,1477,3,4
6,1,1,1,2,3,1518,1,3
2,1,1.333333333,1,2,1,814,2,2
4,3.5,2.333333333,3,5,3,757,3,5
2,3,2.666666667,1,5,3,2056,3,7
3,1,1,1,1,1,1658,2,2
3,1,2.666666667,5,5,5,1953,3,2
2,4.5,2.333333333,3,3,3,1884,3,8
1,2,1,3,3,3,1296,2,6
3,3,3.333333333,3,4,4,684,3,3
2,2,3,3,3,3,593,3,10
3,2,2.666666667,2,4,4,1498,3,5
5,1.5,3.333333333,3,5,5,1439,3,4
5,4,3,3,3,3,87,1,6
2,1.5,2.666666667,1,1,1,2335,2,4
6,3.5,1.666666667,1,3,6,2364,1,2
5,2.5,2.666666667,3,3,3,1140,1,2
2,4.5,2.666666667,1,3,2,388,2,2
4,3,2.333333333,3,5,4,1918,3,7
3,1,2.333333333,3,5,3,377,3,2
4,1.5,2.666666667,1,3,4,463,1,3
5,2,2.333333333,4,5,3,1431,3,6
2,1,1.333333333,1,1,4,1826,2,6
4,3,3,3,4,2,933,3,3
2,2,2.333333333,2,2,1,549,2,4
2,3.5,3,2,6,3,1436,3,8
3,1,3,2,3,5,1417,3,7
3,1.5,1,2,3,2,907,2,2
1,1,2.333333333,1,6,6,1917,3,4
1,4,1,2,3,1,672,2,2
2,2.5,2.333333333,2,6,4,1063,3,2
1,1.5,2,1,3,1,913,2,7
3,3,2,2,2,3,1633,2,9
3,1,1.666666667,1,4,3,1507,2,3
5,3,1.333333333,1,5,1,921,1,2
5,3,2.333333333,4,4,4,1784,3,7
3,2.5,1,4,4,4,707,3,3
1,1,3,1,2,2,1504,2,9
1,1,2,5,3,3,1801,2,5
6,1.5,2,6,6,4,1985,3,3
5,2,2,2,2,3,2000,1,5
5,1,1,2,3,3,478,1,8
4,2.5,2.333333333,4,4,4,1636,3,6
1,2,1,1,1,1,2392,2,2
4,3,2.333333333,4,3,2,1221,3,2
3,2.5,3,2,3,3,750,3,11
5,1.5,2,2,3,5,1411,1,8
6,3.5,3.666666667,4,5,5,1606,3,6
2,2,3,3,5,2,1399,3,10
3,1,2,1,4,1,903,2,4
5,2.5,2.333333333,2,6,6,1015,3,4
4,2,3,4,6,4,1562,3,7
3,2,3.333333333,4,2,4,2389,3,4
5,1.5,4.333333333,3,5,5,1240,3,8
3,1.5,4,1,3,4,425,3,7
2,1.5,2.333333333,4,5,2,302,3,2
6,1.5,2.333333333,2,3,2,2084,1,8
5,1,4.333333333,3,5,6,773,3,10
2,1.5,1,2,2,1,1756,2,2
1,1,3,1,2,3,525,2,3
1,1,1.666666667,2,3,3,1441,2,4
5,2,1,6,3,2,1306,1,4
3,2,2.666666667,3,2,3,2354,2,1
3,1,2.666666667,2,2,2,2150,2,2
1,1,2,2,2,2,330,2,2
4,3.5,3.666666667,1,3,5,834,3,11
3,1.5,1.666666667,2,4,3,1908,3,3
3,2.5,3,3,2,4,427,3,3
2,1.5,4,3,5,3,1542,3,5
3,1.5,2.666666667,2,3,6,1200,3,7
1,1,1,1,1,1,979,2,3
1,1.5,1.333333333,1,4,1,416,2,3
1,2,2.333333333,1,3,2,935,2,5
2,2,2.333333333,1,2,3,1513,2,4
1,1,1.666666667,2,2,1,2196,2,5
2,2,1.666666667,2,2,2,1242,2,2
4,2,3,2,5,5,1598,3,7
1,2.5,3.666666667,3,5,3,272,3,2
2,4,2.333333333,5,6,5,1783,3,9
3,3,2.666666667,2,3,5,1253,3,8
1,1,1,3,3,3,746,2,3
3,2.5,3.666666667,5,6,5,258,3,3
3,1,3.666666667,4,3,5,378,3,5
2,2,3,2,2,2,851,2,3
3,3.5,3,6,6,4,111,3,2
5,2.5,2,3,2,2,1188,1,2
2,1.5,3.333333333,2,3,5,554,3,2
3,2,3,2,3,3,532,3,6
1,1,1,3,3,3,784,2,4
3,1,2,4,2,2,791,2,4
5,2.5,4.333333333,4,4,6,1123,3,4
1,1,2.666666667,2,1,4,305,2,5
3,1,2,2,3,2,1897,2,5
3,1.5,2,2,4,2,1145,2,4
3,1.5,3.666666667,2,4,3,828,3,8
2,1,1.666666667,1,3,2,167,2,7
3,1,1.333333333,3,4,5,844,3,7
1,1,1.666666667,1,2,3,556,2,8
6,1,1.666666667,1,4,4,1668,1,4
4,1.5,2,1,3,4,247,1,2
3,4.5,2,3,3,3,1414,3,10
1,1,1,1,1,2,963,2,3
2,2.5,2.333333333,2,4,3,1976,3,3
5,1,3.333333333,3,3,2,2267,1,3
1,1,1,3,1,1,1792,2,3
5,4,4,1,1,6,347,1,8
1,1.5,1.666666667,1,2,1,2275,2,5
1,1,1,1,1,1,1120,2,4
4,2.5,2.666666667,3,3,3,326,1,3
6,1,3,1,3,3,1685,1,2
1,1,4,2,3,3,1827,2,5
1,1,2.666666667,3,1,4,919,2,4
5,2,3.333333333,2,3,4,275,1,7
3,1,3,2,3,1,1034,2,5
5,3,3.666666667,3,4,5,940,3,9
2,2.5,2.333333333,3,2,2,512,2,2
4,3,4,2,5,1,249,3,6
1,3.5,3.333333333,2,2,6,545,3,2
3,1.5,1.666666667,2,5,4,698,3,3
5,2.5,3.666666667,2,5,5,141,3,3
2,1,3.333333333,2,2,2,2080,2,7
1,1,2.333333333,1,1,3,294,2,5
3,2.5,2.666666667,3,3,2,439,3,3
2,1,1.333333333,1,2,1,390,2,8
5,4,1,1,1,2,332,1,8
1,1,3,1,1,5,1260,2,3
4,2,2.666666667,4,3,6,1510,3,8
4,2,3,3,3,3,960,1,7
4,1,3.666666667,2,3,2,1394,1,3
1,4,4.666666667,2,4,2,1336,3,9
3,1.5,2,1,5,5,1901,3,6
1,1,1.333333333,2,2,2,741,2,4
2,1.5,1.333333333,1,1,1,370,2,2
1,5,5,5,5,5,2014,3,3
1,1,1,1,2,1,1931,2,2
6,2.5,3.666666667,2,4,3,2368,1,2
3,1,1,1,2,3,1288,2,3
6,1,1,2,3,3,1750,1,5
3,1,1.666666667,1,4,2,1732,2,4
3,1,2.333333333,2,1,3,2296,2,4
3,3,2.666666667,2,1,4,6,2,2
2,1,1,3,3,3,2237,2,5
5,5.5,1.666666667,3,1,1,640,1,1
3,3,3,3,4,3,1323,3,3
2,2,2.333333333,1,3,4,508,2,9
3,2,3.333333333,3,2,3,106,3,3
2,2,2,2,4,2,502,2,7
3,3,3,1,6,4,2041,3,5
2,2.5,4,2,4,3,1176,3,6
6,4.5,3,2,6,2,1736,1,6
1,1,1,1,1,1,1307,2,3
5,1.5,4.333333333,1,1,5,1158,1,3
4,2,3.666666667,2,4,2,1722,1,3
5,2,4,3,4,2,950,1,9
2,2,1.333333333,2,2,4,244,2,2
1,1,3,1,3,3,670,2,4
2,3,2,1,2,1,2243,2,5
4,1.5,1.666666667,1,3,5,1241,1,3
3,3,2.666666667,3,3,3,418,3,4
6,2,2,3,4,3,1080,1,4
4,2,3.333333333,2,1,3,1488,1,4
4,1,4,1,4,3,976,1,6
5,2.5,2,3,1,5,1660,1,2
4,1,2,2,4,2,1040,1,3
6,1,1,1,3,1,2152,1,2
2,2,3.666666667,3,3,4,2018,3,9
3,2,2,3,4,3,2063,3,6
4,2,3.666666667,3,4,4,1300,3,4
3,2,3.333333333,3,5,4,1764,3,4
5,2,2,3,5,5,1410,3,6
2,2,1.666666667,1,5,5,25,3,10
5,1.5,1.666666667,1,6,4,1463,1,3
1,1,1,1,1,1,2223,2,5
6,4.5,3,2,2,4,1213,1,10
3,2,2.333333333,2,2,2,1020,2,5
2,1,2.666666667,1,3,3,1627,2,4
4,2.5,2.666666667,1,3,3,1563,1,3
4,1,3,2,1,2,1769,1,6
2,1,2,1,5,5,1969,3,6
2,1.5,2,3,2,2,581,2,2
4,1.5,2.666666667,3,5,3,1799,3,7
3,3,1.666666667,3,3,3,1346,3,6
3,1,1.666666667,4,3,5,1569,3,1
3,1,2.333333333,1,5,6,1159,3,2
1,1,1.333333333,2,2,1,231,2,3
3,1,1,1,1,1,713,2,2
4,1,1,3,1,1,869,2,3
3,3,2.333333333,2,1,4,2044,2,7
6,2,3,3,3,3,1726,1,2
1,1,1,1,2,4,973,2,3
3,2,3.333333333,3,3,2,1850,3,6
2,1.5,3,2,2,2,922,2,9
3,2,2.333333333,3,5,5,2092,3,10
3,3,3.333333333,3,5,4,1871,3,6
2,2,3.666666667,3,3,3,1059,3,5
4,1,1.333333333,3,3,3,1609,1,1
2,2,2,1,2,4,2239,2,6
5,1,2.333333333,1,3,3,761,1,4
2,2,2.333333333,1,3,3,432,2,5
5,3,2.666666667,2,2,3,2277,1,3
3,1.5,2.666666667,1,1,3,1274,2,3
2,4,4,3,4,3,108,3,7
6,1,2.333333333,3,3,3,1757,1,11
2,1.5,2,2,2,2,1915,2,6
5,2,2,1,2,2,864,1,2
3,1.5,1.666666667,1,3,2,2395,2,2
3,1,2,2,3,2,2034,2,10
6,1.5,2,1,2,3,1415,1,2
4,1,1,1,1,1,117,2,2
3,2,2.666666667,3,3,2,2257,2,7
3,2.5,1,3,6,3,2185,3,2
3,1.5,2.333333333,2,5,5,1927,3,5
4,4,1,2,2,2,1301,1,3
3,1,2.333333333,1,4,4,1224,3,6
3,2,2,3,3,3,2352,3,2
1,2.5,1.333333333,2,2,1,170,2,4
3,1.5,2.666666667,2,3,3,2212,2,3
5,2.5,3.333333333,1,5,6,860,3,2
4,3,2.333333333,3,6,5,1923,3,2
1,1,1.333333333,1,1,1,351,2,10
1,1,3.333333333,1,3,2,1626,2,7
2,2,2,2,2,2,1173,2,2
3,2.5,3,3,3,3,494,3,2
4,1,2.333333333,1,2,1,1121,2,2
1,1,2.333333333,3,3,2,668,2,5
1,1.5,2.333333333,3,6,1,1749,3,2
6,1.5,3,1,2,6,890,1,9
1,2,2,3,1,2,529,2,2
5,1,1,4,3,4,329,1,4
5,1,2,6,1,2,1494,1,4
3,2,2.333333333,4,2,2,546,2,2
3,2,1.333333333,1,1,1,2370,2,2
4,4,2.666666667,1,4,3,2279,3,4
1,1.5,4,2,4,3,1935,3,2
2,2.5,2.333333333,2,2,3,764,2,9
3,2,3,1,3,1,1045,2,2
2,1.5,2.666666667,3,4,4,1681,3,6
2,3,2.666666667,2,3,3,317,2,2
2,3.5,3,6,5,6,762,3,7
4,1,3,2,3,4,1919,1,5
3,2,2,2,2,2,118,2,4
4,2.5,3.666666667,4,3,3,179,3,3
1,1,1,1,1,1,2226,2,3
5,1.5,3.333333333,3,4,4,1266,1,8
2,1.5,2.333333333,2,3,1,2166,2,3
6,1,1,1,1,3,2011,1,11
3,4.5,3.666666667,1,4,5,1894,3,9
4,4,1.333333333,1,3,5,1866,1,7
3,1,2,3,4,3,276,3,2
2,2.5,2,3,3,4,2129,3,5
6,1.5,3,4,5,3,1997,1,5
2,2.5,1.666666667,1,1,1,735,2,2
5,1.5,1.333333333,4,4,5,1538,3,5
1,1,1,1,1,1,51,2,1
1,1.5,1,1,2,2,2097,2,2
1,1.5,4.666666667,1,6,1,177,3,3
2,2,1.666666667,4,4,2,739,3,2
3,2.5,3.666666667,2,2,3,601,2,2
3,1.5,2.333333333,2,4,2,810,2,6
2,2.5,3,3,3,3,2064,3,3
5,3.5,3.666666667,2,2,5,1942,1,2
3,3,1.333333333,2,3,3,154,2,2
2,3,2.333333333,1,1,1,2204,2,2
3,2.5,1.666666667,2,3,3,124,2,2
1,2,1,3,6,5,1724,3,2
4,2.5,3.333333333,5,4,2,1332,3,6
2,1.5,2,2,2,2,1070,2,6
1,1,3,1,2,4,422,2,6
3,1,2.666666667,1,3,4,2295,1,5
6,1,1,3,3,3,1209,1,3
3,1.5,1.333333333,2,3,4,1281,3,4
4,1,2.666666667,3,4,4,1537,3,8
3,1,1.333333333,3,2,5,1781,3,3
2,2.5,4.666666667,1,1,1,1383,2,6
1,2,1.666666667,1,2,2,2173,2,4
4,1,1.333333333,1,3,2,60,1,5
2,2,2.333333333,2,4,3,2068,3,3
1,1,2.666666667,2,5,3,2206,3,4
3,1.5,2.333333333,1,2,5,1285,1,2
5,1,2.666666667,1,3,4,17,1,2
4,2.5,3,3,5,5,1760,3,7
3,1,1,1,3,1,2359,2,2
3,3,1.333333333,3,4,3,614,3,5
5,2.5,4,2,3,4,1767,1,6
4,2.5,2.333333333,4,5,2,1913,3,2
5,3,2.666666667,2,5,2,1637,1,5
3,1.5,1.333333333,3,1,2,337,2,4
2,1,3.333333333,2,3,3,648,2,3
5,1.5,2,1,3,3,1454,1,2
3,1,2,5,5,5,116,3,6
6,2,2.333333333,1,2,2,1137,1,2
1,2.5,2.333333333,3,3,3,1469,2,9
1,5.5,3,1,3,5,606,3,3
6,1,1.666666667,3,6,5,1339,3,1
3,2,3.333333333,2,4,4,553,3,6
3,2,3,3,2,5,1920,3,4
2,2,1.333333333,1,1,1,956,2,2
2,2,2,2,2,6,1037,3,2
4,2.5,2.666666667,4,3,4,211,3,7
3,1,2,2,3,4,1944,3,6
5,1.5,3,3,5,4,541,3,4
1,3.5,2,1,1,2,1151,2,6
1,1,2,3,3,4,769,2,9
3,4,3.666666667,3,3,3,474,3,5
3,2,2,2,1,2,2199,2,4
3,2,3.333333333,3,3,3,234,3,5
1,3.5,3.333333333,2,5,3,224,3,4
1,1,1,1,1,1,801,2,4
2,3,2.666666667,3,3,2,2124,2,4
6,4,3.666666667,4,4,4,1631,3,8
5,2,2,3,3,3,52,1,6
3,1,1,3,2,2,400,2,2
6,1,1.333333333,1,1,3,1310,1,3
3,4.5,3,2,3,2,1717,3,5
5,1,1.333333333,1,2,2,1056,1,8
4,1.5,2.666666667,2,3,3,631,1,7
1,1.5,1.666666667,1,3,2,2380,2,4
3,1.5,2.333333333,3,3,2,1752,2,4
4,2.5,3,2,3,3,1453,1,5
1,3,2.666666667,2,4,4,140,3,7
4,1.5,3,1,2,2,527,1,5
4,3.5,2.333333333,2,2,4,1856,1,6
4,5,3.666666667,3,5,3,1250,3,8
3,2,1.333333333,1,1,3,542,2,2
4,4.5,4,2,3,4,350,3,8
2,1.5,3.666666667,3,4,1,89,2,5
5,5,5,5,5,5,2391,3,2
5,1.5,1.333333333,2,5,6,1079,3,6
2,4,2.333333333,1,3,5,531,3,7
2,1.5,1,5,5,4,1811,3,5
5,2.5,3,3,4,4,1400,3,6
1,1,2.666666667,3,4,3,373,3,4
1,3.5,3.333333333,1,2,4,952,2,3
6,3.5,1.666666667,5,5,3,7,3,9
3,2,1.333333333,2,3,1,2318,2,3
2,2,2.666666667,1,2,1,1497,2,3
2,1.5,1.666666667,2,2,2,405,2,2
4,2,2.333333333,2,6,4,889,3,7
5,1,4,3,6,6,909,3,9
2,3,3.333333333,5,2,4,1225,3,3
2,2,1.333333333,2,1,1,2172,2,2
2,1,1.666666667,1,2,2,2300,2,3
3,2,3,4,4,5,2113,3,4
2,1,4.666666667,2,5,4,1549,3,5
2,1,2.666666667,2,5,4,498,3,3
6,3.5,1.666666667,1,1,1,2039,1,5
5,1.5,1.666666667,1,4,3,1197,1,2
4,1,2.333333333,1,2,3,149,1,5
1,1.5,1.333333333,2,2,2,2,2,5
4,1.5,3.333333333,2,3,2,1690,1,1
5,3.5,1.666666667,3,3,4,840,1,2
5,3.5,2.333333333,1,4,2,2107,1,5
6,2,1.333333333,1,1,1,2122,1,4
6,1,1,1,1,1,126,1,5
1,1,1,5,4,2,2162,2,8
3,1,2.333333333,6,5,5,1693,3,2
5,4,4.333333333,3,6,6,1313,3,9
3,3,3,2,4,5,2222,3,5
2,4.5,2.666666667,4,4,3,517,3,3
3,2,4,4,3,5,703,3,2
1,3,3,1,6,4,885,3,6
5,1.5,3,2,2,2,1822,1,4
6,1,2,1,3,4,22,1,9
2,2.5,2.333333333,2,3,2,40,2,4
1,1.5,1,2,1,3,1506,2,3
5,1.5,1.333333333,2,4,3,1005,1,3
3,2,3.333333333,4,4,5,1437,3,6
2,2.5,2.333333333,3,3,4,2096,3,9
6,3,3,1,4,4,1661,1,3
1,1,1,1,1,1,365,2,1
4,3.5,2.666666667,2,5,2,176,3,11
3,2,2.666666667,2,3,3,2005,3,1
5,1.5,4,1,4,3,367,1,2
5,2.5,2,3,3,4,2016,1,1
1,1,1,1,1,1,2121,2,4
3,1,1,1,2,2,718,2,4
4,4,3.666666667,4,5,4,1635,3,8
2,2,1,1,4,4,1579,2,3
3,1.5,1,1,5,1,817,2,4
3,3.5,3,1,3,4,1851,3,9
4,1.5,2.666666667,1,2,4,2301,1,4
1,1,5.333333333,1,6,1,1168,3,7
4,2,4.333333333,3,3,3,918,3,2
2,1.5,2.333333333,2,3,2,2194,2,6
6,1.5,2,4,3,6,1492,1,4
5,1,1,3,4,3,1729,1,2
3,2.5,1.666666667,2,1,3,1840,2,3
2,2,2,3,4,3,1567,3,6
3,3,2.666666667,3,3,3,783,3,6
1,1,1,1,1,1,874,2,3
5,3,4.666666667,2,3,3,1,1,10
3,3.5,2.333333333,1,1,1,210,2,8
2,4.5,2.333333333,1,3,4,319,3,4
1,2.5,2.333333333,3,4,3,730,3,2
6,4,4,1,6,3,419,1,10
4,1.5,1.666666667,2,3,5,2328,1,2
2,1,3.666666667,4,3,3,936,3,5
3,2.5,3.666666667,2,4,3,2325,3,5
1,1,3,1,1,1,1053,2,8
4,1,3,4,2,1,2118,1,2
2,2.5,3,3,3,3,583,3,7
3,1,1.333333333,1,2,3,1282,2,4
3,2,2.666666667,3,3,4,1899,3,4
4,1,1,1,6,4,1270,3,4
2,2,3,3,1,1,934,2,3
3,1,3.333333333,1,1,3,848,2,7
1,2.5,3.333333333,3,2,2,1962,2,7
1,1,3.333333333,1,2,1,876,2,8
2,1.5,1.333333333,2,1,5,362,2,2
3,1.5,2,2,3,3,955,2,2
1,2,2.333333333,2,2,1,2136,2,2
3,1,2.666666667,1,4,3,1335,1,5
3,1,3.333333333,2,3,3,39,2,7
1,1,3.333333333,2,2,4,2021,2,6
2,1,3.333333333,3,4,2,2036,3,6
1,1,1,1,1,1,1787,2,3
3,2.5,1,1,1,1,78,2,3
4,1,2.333333333,2,3,3,1550,1,3
6,1,1,3,2,6,2213,1,2
2,4,1,1,2,6,1765,3,5
2,1,3,3,2,4,143,2,4
3,3,3,3,3,3,644,3,1
1,1,1,1,6,1,1502,2,1
4,1,1.666666667,1,4,4,1619,1,4
1,1,3.333333333,5,3,3,1462,3,6
1,3,2.666666667,4,4,3,920,3,5
6,2.5,2.666666667,2,3,3,1984,1,8
4,2,2.666666667,5,5,5,1392,3,10
5,1.5,2.333333333,1,4,4,1499,1,4
4,1,3.666666667,1,6,3,1795,3,7
1,2,1.333333333,3,2,1,443,2,2
3,1,1.333333333,1,2,4,1457,2,6
4,1,2.333333333,2,4,3,187,1,8
4,3,3,4,4,3,344,3,5
5,2,3.666666667,2,2,2,722,1,3
2,1,2,2,1,2,223,2,8
2,1,3.333333333,2,2,2,1010,2,3
1,3.5,2,1,1,4,1366,2,4
1,2.5,2,2,2,3,2100,2,3
3,1,4,2,5,1,128,3,3
3,4.5,2.333333333,3,2,1,972,2,2
4,1,1.333333333,1,3,2,1326,1,4
4,2.5,2,2,3,2,984,1,3
3,1,2.666666667,3,1,3,1381,2,4
4,1,1,1,1,1,1666,2,10
3,1,3.333333333,1,2,2,58,2,2
6,2.5,3.333333333,1,2,4,1776,1,11
1,1.5,1.333333333,3,2,3,2157,2,3
3,3.5,4,3,3,5,1614,3,8
3,2.5,1.666666667,1,4,6,843,3,2
5,2.5,1.666666667,2,1,3,1256,1,3
4,3.5,2,3,4,4,1742,3,7
6,1.5,2.333333333,1,3,3,879,1,2
3,2,2,2,5,3,2012,3,6
4,3,3,4,4,4,2171,3,8
5,2.5,4.666666667,2,4,3,795,1,8
4,1,3,1,5,4,1632,3,6
4,2,2,1,3,2,985,1,5
4,3,4,2,3,1,1150,1,7
1,1.5,2.666666667,3,3,5,1460,3,2
5,1.5,2.666666667,3,3,4,845,1,7
1,1,1.333333333,4,4,4,260,3,2
3,4.5,1,6,4,6,1587,3,3
2,1.5,2,1,1,1,832,2,3
2,1.5,1.666666667,1,1,1,882,2,9
6,1,1,2,3,6,2385,1,4
3,2.5,2.333333333,5,3,4,958,3,4
3,3.5,1.333333333,1,3,5,213,3,7
1,1,2,1,1,2,322,2,5
5,3,3,3,5,3,873,3,8
2,2.5,2,4,3,3,1198,3,2
1,5,2.333333333,1,5,5,1072,3,2
6,4,3.333333333,2,4,3,2363,1,5
1,1,2.666666667,3,2,3,1277,2,6
4,1,2,3,3,5,2210,3,3
5,1,1.333333333,2,4,2,476,1,3
4,4,2.666666667,3,4,4,137,3,6
2,3.5,1.666666667,6,2,6,1147,3,3
2,1.5,3,2,5,2,1578,3,6
2,2,2,3,3,3,2238,2,3
5,2,2,2,4,3,1391,1,6
3,3,3,3,4,3,2266,3,3
2,2.5,2,2,1,3,948,2,2
3,2,1.666666667,2,2,2,2247,2,3
5,2,2.666666667,2,5,4,1892,3,8
1,1,1,1,1,1,987,2,8
4,1,2,1,3,3,2017,1,5
1,1,1,2,1,1,1505,2,2
3,4.5,2.333333333,3,3,4,1555,3,7
5,3,1.666666667,1,1,4,1934,1,4
5,1,1.333333333,1,2,2,2228,1,2
6,3,2,1,5,4,380,1,2
1,2.5,2.333333333,1,3,3,1940,2,7
5,2.5,3,3,5,4,1790,3,2
6,1,1,2,1,3,1939,1,5
5,1,2.333333333,1,3,3,1039,1,5
3,2,3.333333333,5,2,4,745,3,3
3,1.5,4,2,3,3,1134,3,2
4,2,4,2,5,3,122,3,3
1,1.5,1.333333333,2,2,2,2184,2,3
2,1,2.333333333,1,4,3,1385,2,8
4,3.5,3,3,4,3,1128,3,5
4,1.5,1,4,4,4,1775,3,3
3,1,2.666666667,2,3,4,1089,3,4
5,1.5,2,1,3,2,194,1,8
3,3,4,2,3,4,220,3,8
1,2.5,2.333333333,3,3,3,1429,2,8
4,1.5,3,3,3,4,1848,3,5
3,1,2,3,5,3,1683,3,6
3,2,3,2,3,3,328,3,4
2,1,2,3,1,2,2292,2,3
6,3.5,1,1,1,1,691,1,2
6,1,2,2,1,3,932,1,7
5,2,2.333333333,1,4,3,1376,1,3
3,2.5,2.666666667,3,5,3,1148,3,8
3,2,1.333333333,2,4,3,1451,3,3
4,3,3.333333333,3,3,4,1181,3,9
2,2.5,2.666666667,1,2,3,727,2,2
1,1,1.666666667,1,2,2,630,2,2
3,2,2,2,3,4,56,3,5
5,1,1.333333333,1,5,4,1427,1,4
5,1,4,1,4,4,1925,1,7
3,1,1,1,5,2,507,2,10
4,2,2,1,6,3,1484,3,1
3,1,2.333333333,3,4,2,1535,3,5
1,1.5,1.666666667,1,1,5,48,2,2
1,1,1,1,1,1,1055,2,2
4,3,2.666666667,3,1,4,1183,1,2
1,2,2,3,2,2,461,2,3
2,2,2.333333333,1,1,3,2168,2,3
2,2,2.666666667,2,3,2,2274,2,6
1,2,3,1,6,3,241,3,8
4,2.5,3,5,6,5,1748,3,9
1,1,2.666666667,3,3,3,854,2,2
6,2.5,3.333333333,4,5,5,1667,3,11
1,2.5,3,1,1,1,397,2,8
1,2,1.666666667,2,3,3,100,2,2
3,1.5,3,4,4,4,1938,3,5
4,1,1.333333333,2,3,1,897,1,2
3,1,3.666666667,6,2,3,990,3,1
3,1,2.666666667,2,4,3,558,3,3
1,1.5,3,2,1,1,92,2,5
4,1,1.666666667,1,4,1,1508,1,7
1,4.5,4.333333333,2,6,6,394,3,11
3,4,3,4,4,2,699,3,2
2,1,3.666666667,3,3,3,811,3,8
3,2,2.333333333,3,2,4,301,3,5
5,1,1,2,1,4,2167,1,4
5,1,4.333333333,1,6,2,401,1,3
4,1,2.666666667,2,2,5,1093,1,2
5,2.5,1,2,3,4,1903,1,2
4,3.5,3.333333333,3,4,4,446,3,2
2,4,3,3,3,3,178,3,2
4,5,1,3,6,6,1682,3,8
1,1,2,2,2,4,2362,2,3
1,2.5,2.333333333,1,4,3,868,2,6
2,2,3.333333333,3,3,3,716,3,2
5,1,3.666666667,3,2,3,1967,1,3
3,1.5,1.666666667,2,2,2,299,2,2
4,2,2,1,3,4,1800,1,3
1,1,1,1,1,1,982,2,4
5,2.5,3.333333333,3,3,5,1999,3,9
3,1.5,2,3,3,2,375,2,2
3,1.5,1.333333333,1,2,3,1195,2,2
4,2,2,2,3,2,572,1,3
5,5,5,5,5,5,858,3,1
6,1,2.333333333,6,6,3,820,3,2
1,2,3,1,3,5,1187,3,2
2,2,1.666666667,2,2,4,57,2,1
3,1,2,1,2,2,578,2,2
4,4.5,2,5,5,5,1251,3,2
1,1,1,1,1,1,655,2,2
4,2.5,1.666666667,3,4,3,911,3,7
1,3,1.666666667,1,1,6,1620,2,4
1,1,3,3,3,6,1276,3,3
2,2.5,3,3,4,4,85,3,4
5,2.5,2,1,6,4,835,3,8
5,3.5,2.666666667,3,3,4,1841,1,5
3,2.5,3,3,4,4,939,3,6
3,1.5,3.666666667,3,3,3,1766,3,1
1,1,1,1,6,5,1206,3,3
2,2,2.666666667,2,4,3,2148,3,5
1,1,1,1,1,1,674,2,2
3,2.5,2.666666667,2,1,3,577,2,6
5,1.5,3,3,2,2,485,1,3
5,1,2.666666667,1,2,3,186,1,8
5,1,1.333333333,1,3,5,2111,1,2
6,3,3.666666667,4,5,4,1651,3,1
6,1,2.333333333,2,1,1,1554,1,5
1,1,2.333333333,2,3,4,2088,2,3
2,3.5,2,2,3,2,173,2,8
1,1,2.666666667,1,2,1,2379,2,2
5,1,1.333333333,4,5,4,1565,3,6
4,1,1.666666667,1,3,3,1638,1,2
6,6,6,3,2,5,132,3,2
3,1,1.333333333,1,3,1,160,2,8
1,1,1,1,1,1,2154,2,4
3,3,3,3,3,3,696,3,2
1,1,2.333333333,2,2,3,1131,2,6
3,2,2,2,5,5,2082,3,4
4,1,1,1,1,2,1745,2,4
1,1.5,2,1,3,2,1029,2,2
1,1,1,1,6,4,899,3,2
2,1.5,3,1,4,2,459,2,2
3,1.5,1.666666667,1,1,2,2299,2,3
5,1,2,5,5,5,1629,3,8
4,4.5,3.666666667,4,4,3,41,3,11
3,1,1,2,2,4,1192,2,3
1,3,2.666666667,2,2,3,441,2,2
4,1,3.666666667,2,2,3,2396,1,2
2,2.5,3.333333333,1,3,3,580,2,7
4,1,2.666666667,3,3,2,2218,1,2
1,2,1.666666667,6,5,6,1679,3,7
3,3,2.666666667,2,3,2,994,2,7
4,3,1.333333333,2,3,3,2087,1,8
5,1,3.333333333,2,3,3,894,1,5
3,4,2.333333333,4,3,1,815,3,4
3,1,1,1,1,1,807,2,6
3,2,2,1,4,2,451,2,3
3,2,2,2,4,2,1194,2,4
3,2,1,1,1,1,1634,2,2
4,2,2.666666667,2,4,3,2055,1,10
2,1,1.333333333,2,1,2,2133,2,5
4,2,2.333333333,1,2,3,1258,1,4
2,1.5,1,1,2,2,104,2,2
5,1.5,4.666666667,2,4,3,1654,1,4
3,1.5,2,1,4,3,206,1,9
5,1,2.333333333,2,2,5,1971,1,6
5,3,2,1,4,4,942,1,9
6,2.5,3.333333333,2,5,4,1789,1,8
3,1.5,4,3,3,4,2216,3,7
2,2,3,3,3,3,226,3,2
5,1,3.666666667,5,1,4,200,1,11
3,3,1,1,5,1,232,2,2
4,1.5,3.333333333,1,5,3,803,3,5
5,2.5,2.333333333,3,3,2,192,1,6
1,1,2,1,1,1,2215,2,2
4,2.5,3,2,3,3,557,1,4
3,3,2.333333333,2,3,2,11,2,10
5,1,2.333333333,4,5,3,1708,3,6
3,3,3,3,3,3,981,3,7
1,1,2,2,3,4,289,2,3
1,1,2.333333333,1,1,1,1639,2,4
3,1,1,1,4,1,793,2,2
3,3,4,1,5,4,2061,3,8
3,2,1.666666667,1,1,2,2250,2,3
6,2.5,3.666666667,3,5,2,602,1,3
1,1,1,1,1,1,1125,2,4
2,1.5,1.333333333,3,1,1,734,2,6
5,1,1.333333333,2,1,1,2253,1,3
2,2,2,2,2,3,157,2,3
4,2,3.333333333,2,3,2,1141,1,3
4,3,3,2,3,4,1014,3,5
6,4,3.333333333,4,2,4,1179,1,2
1,1,1,1,1,2,406,2,6
5,2,2.333333333,2,3,5,1521,1,6
4,2.5,3.333333333,2,4,4,1424,3,6
2,2,3.666666667,1,6,3,2207,3,3
3,1,1.333333333,2,1,3,516,2,2
5,2.5,3.666666667,4,6,3,1157,3,3
2,2.5,3.666666667,2,3,3,1770,3,4
1,2,2.666666667,1,5,2,1710,2,6
5,2.5,3,1,5,4,1472,1,7
5,2.5,4,1,4,3,3,1,7
6,3,1.666666667,2,2,4,1618,1,6
1,1.5,1.666666667,3,2,3,1716,2,7
2,2,2.333333333,2,3,2,2049,2,4
4,1,2,1,4,3,1994,1,2
2,2,3,1,1,3,2306,2,5
3,2,1.666666667,3,3,3,1447,3,8
1,2.5,2.666666667,2,5,5,64,3,7
1,1,1.666666667,1,1,4,1602,2,8
4,1,1,2,4,3,1574,1,4
2,1,2,2,6,3,1992,3,4
3,3,3,3,3,3,779,3,7
3,2,1.666666667,3,3,3,1839,3,9
2,1,2,1,1,2,4,2,7
1,1.5,1.666666667,2,3,3,218,2,5
1,1,1,1,1,1,2388,2,2
1,2,1,1,1,2,484,2,2
6,1,2,1,6,5,454,1,4
5,5.5,3.666666667,2,6,3,1604,3,6
4,3,1,1,2,4,857,1,4
4,1,1,2,3,3,2026,1,5
4,1,4,1,2,3,1356,1,9
2,1.5,3.333333333,1,3,3,1952,2,2
4,3.5,4.666666667,5,5,5,1077,3,9
6,2,2,3,5,2,1290,1,5
5,2,4.333333333,3,4,4,138,3,8
3,1.5,2.333333333,3,5,3,2098,3,4
3,1.5,2.333333333,3,6,5,827,3,7
3,2.5,1,1,1,1,101,2,2
1,1.5,1.666666667,2,3,6,1858,3,5
5,2.5,1.666666667,3,4,4,1153,1,3
1,3.5,1,6,6,1,1585,3,9
5,3,3.333333333,4,3,4,1189,3,8
4,1.5,1.333333333,3,6,6,1406,3,7
5,1,2.666666667,3,3,4,1949,1,8
2,3,2.666666667,2,3,5,660,3,2
3,4,2,1,3,4,209,3,5
5,2.5,2.333333333,3,4,5,1719,3,7
5,4.5,4.333333333,6,4,1,509,3,2
4,1.5,3,1,6,4,438,3,2
4,2.5,3,2,3,2,584,1,4
2,1,1.666666667,2,2,2,312,2,6
5,1.5,2,1,1,3,2332,1,2
2,2,2,2,2,2,235,2,4
1,2.5,4.666666667,2,4,5,652,3,2
4,1,2,2,1,3,1912,1,2
5,2,1.666666667,5,5,6,1669,3,3
3,2,2.666666667,1,4,3,692,3,2
2,1,1.333333333,5,2,2,2197,2,5
5,2,2,2,2,2,54,1,2
3,1.5,2,4,3,3,1060,3,2
6,2,4,2,6,5,335,3,9
2,1,3.333333333,1,1,2,410,2,7
4,1.5,2,2,3,5,1166,1,10
3,1.5,4,3,3,3,2241,3,9
4,3.5,3.333333333,3,4,4,2340,3,5
3,3,2.333333333,2,1,3,573,2,3
2,1.5,2.333333333,2,2,2,708,2,4
4,1.5,2,2,2,2,152,1,6
6,1,2.666666667,1,5,2,515,1,3
1,1,1,3,2,2,1593,2,6
4,1,3,1,4,2,653,1,7
2,2.5,2.333333333,5,3,6,465,3,2
1,1,1,1,1,1,1205,2,2
5,4,3,5,6,5,1922,3,1
1,1,2,1,3,2,1869,2,2
2,1,2.333333333,1,1,1,2323,2,5
2,2.5,1.333333333,2,2,1,962,2,5
2,1,2.666666667,2,2,4,1334,2,6
6,1,1,5,2,4,846,1,5
5,2.5,3,2,3,4,1232,1,6
5,2.5,2.666666667,1,2,2,667,1,7
2,1.5,1.666666667,2,2,2,2182,2,2
3,3.5,3.666666667,3,4,3,499,3,2
3,1.5,2.666666667,1,1,1,1688,2,2
2,3.5,3.666666667,2,5,4,1675,3,8
1,1,1,2,3,3,1165,2,6
2,1.5,1.333333333,1,2,2,2155,2,4
2,1.5,2.666666667,2,2,2,2010,2,3
3,1.5,2,1,3,3,1514,2,3
2,2,2.666666667,1,4,5,1678,3,4
3,1,3.333333333,1,3,3,1231,2,8
2,1.5,1.333333333,1,1,4,1278,2,7
6,1,1,1,3,3,9,1,6
2,3,3,3,3,4,802,3,3
3,2.5,3,2,2,2,780,2,2
1,1,1,1,1,1,1116,2,3
1,1.5,1,1,2,2,849,2,3
4,2,4,3,5,3,2106,3,2
1,1,1,1,1,1,2367,2,2
4,2.5,2,2,4,5,1644,3,6
3,1,1.666666667,2,2,3,1208,2,3
5,2,2.666666667,2,4,4,195,1,8
6,2,2.666666667,4,2,6,1207,1,2
2,1,4.333333333,2,5,3,1012,3,6
3,3,3.333333333,3,3,3,1175,3,4
6,1,2.333333333,2,6,6,191,3,11
1,1,1.333333333,1,2,1,822,2,9
5,1,1.666666667,2,5,3,80,1,6
3,2,2.333333333,2,3,2,1252,2,8
4,3.5,2.666666667,1,4,1,296,1,9
3,1.5,2.666666667,2,3,5,1534,3,5
2,1,1.666666667,3,3,3,2251,2,3
3,1,2,3,3,2,1272,2,4
4,4,3,2,4,3,372,3,4
2,2,4,3,6,5,1107,3,7
3,2,1.666666667,4,4,3,1797,3,8
3,2,3,2,3,2,264,2,2
4,3,3.333333333,3,4,3,1154,3,4
5,1,1.666666667,1,1,2,785,1,6
1,1,1,5,5,5,1142,3,4
2,1.5,2.333333333,3,4,5,1305,3,5
4,2,2.666666667,3,5,4,1560,3,6
2,2.5,1.666666667,2,2,2,2309,2,3
6,5,1.666666667,1,1,2,669,1,2
1,1.5,2,1,4,1,2283,2,3
4,1,1.666666667,4,3,2,489,1,5
5,1.5,3,2,1,2,1384,1,5
2,3,3.666666667,2,4,4,1713,3,8
1,1,1,1,1,1,637,2,3
1,1,4.666666667,1,6,1,590,3,2
1,2,3,2,4,4,278,3,2
3,4.5,1.333333333,1,6,3,165,3,9
5,3,3,3,4,3,10,1,6
6,1,1,6,1,6,457,1,5
4,2,2.333333333,3,3,3,520,1,2
5,2.5,2.333333333,3,3,3,1924,1,6
4,2.5,3,2,2,2,818,1,2
6,1,4.666666667,4,3,1,238,1,2
3,3,2,2,1,4,618,2,3
3,1,2,1,1,1,1926,2,1
2,2,2.333333333,2,3,1,403,2,2
4,1,2.333333333,1,3,3,1806,1,5
1,1,1,1,3,3,2085,2,2
3,3.5,3.333333333,2,5,3,1810,3,2
3,4.5,3,4,3,4,1859,3,6
3,2,2,2,2,5,466,3,2
1,1.5,3.333333333,1,2,3,760,2,7
4,2.5,3.333333333,2,3,4,1228,3,3
6,4.5,2.666666667,6,5,6,1362,3,1
1,1,1,1,3,3,1995,2,2
1,1.5,1.666666667,4,1,2,490,2,2
5,2,1.333333333,1,2,4,700,1,2
4,2,3.333333333,3,3,2,717,1,6
1,1,1,1,1,1,544,2,6
1,1,2,1,2,4,1255,2,3
6,2.5,3,3,2,5,1303,1,3
2,2,2,2,2,2,2355,2,2
2,1,1.333333333,1,2,2,1215,2,2
5,2.5,3,3,5,3,1831,3,7
5,1,2,1,5,1,915,1,10
1,1,3,3,3,3,352,2,2
2,3,1.666666667,2,2,6,1768,3,6
5,3,2,2,2,1,20,1,10
4,2.5,2.666666667,2,3,5,1986,3,5
4,4,1.666666667,2,4,2,464,1,2
3,3,3.333333333,2,4,3,838,3,2
3,2.5,3,1,2,1,569,2,3
1,1,1,1,1,1,102,2,3
3,1,3.333333333,1,4,4,1707,3,5
4,2.5,3,1,2,3,2289,1,4
2,4.5,1.333333333,3,5,4,816,3,3
2,1,2,1,3,1,1443,2,3
4,1,2.333333333,1,5,2,1547,1,5
3,2,4,2,3,2,657,2,3
3,2.5,4,1,3,3,2024,3,10
6,3,2,2,3,2,1032,1,6
6,1,3.333333333,1,3,2,424,1,6
2,1.5,2.333333333,2,2,2,1321,2,3
3,3,3,2,3,4,1203,3,6
4,1,2,1,2,1,2293,2,2
2,4,3.666666667,3,4,3,162,3,6
6,1.5,3,3,4,4,1519,1,7
2,1,1.333333333,4,2,2,345,2,5
4,1,2.666666667,3,3,3,94,1,8
4,2,2,3,1,4,1054,1,2
5,1,2,1,1,4,1073,1,2
1,1,1,1,1,1,888,2,2
2,1,1,1,3,4,96,2,9
4,1,2.666666667,1,3,3,1174,1,5
2,1,3.666666667,2,4,2,1430,2,3
3,1,1,1,1,2,1887,2,3
2,2,2,2,2,2,144,2,4
2,1,2.333333333,2,2,3,1900,2,8
1,2,2,1,6,6,1877,3,8
5,2.5,2.666666667,2,5,3,1413,1,5
4,1,1,1,1,3,622,1,3
3,4.5,2.666666667,2,3,3,251,3,6
3,4,3.333333333,1,6,3,966,3,7
4,2,3.666666667,4,5,4,1445,3,10
2,2,1.333333333,3,2,3,91,2,4
5,2,3.666666667,3,5,4,1738,3,9
4,1.5,2.333333333,2,3,2,293,1,2
5,3.5,1,1,1,2,904,1,1
5,1,3.333333333,3,5,5,1257,3,7
3,2,3.333333333,5,4,3,1136,3,4
1,1,1.666666667,2,1,2,1612,2,3
5,2,3,2,5,5,291,3,5
1,1,1,1,1,1,2314,2,2
6,2,2,2,3,3,715,1,2
3,3,2.666666667,2,5,5,1989,3,1
3,3,3,3,3,3,998,3,4
1,3.5,2.666666667,2,1,2,974,2,4
6,2,4.666666667,1,3,2,970,1,8
3,2,3.333333333,2,3,5,1963,3,7
4,1,2.333333333,2,1,3,2110,1,9
4,2.5,2.333333333,2,4,2,1600,1,5
1,1,1.333333333,1,1,1,242,2,5
3,1,3.333333333,2,3,4,615,3,5
3,5,3,5,5,4,1817,3,10
3,1.5,3.333333333,2,3,2,2142,2,2
3,4,2,6,5,6,1823,3,11
4,1,1.333333333,2,3,2,1085,1,4
2,1.5,3,2,3,3,1966,2,2
4,2.5,2.333333333,1,1,1,1155,2,3
3,3,2,3,4,3,73,3,8
2,3,2.666666667,2,3,2,798,2,5
3,2,2.333333333,2,2,3,639,2,3
4,2.5,1.666666667,3,3,3,595,1,3
4,1,2,1,4,2,663,1,3
1,1.5,1.666666667,1,3,3,723,2,7
1,1,1,1,1,1,297,2,3
1,1,1.333333333,1,1,1,732,2,4
3,1,2,2,3,3,2177,2,2
2,2,1,1,2,2,1284,2,1
3,1,2.333333333,1,3,2,2169,2,2
5,3,2,3,2,3,886,1,2
3,1.5,1.666666667,2,2,2,705,2,5
2,1.5,2.333333333,2,2,2,288,2,2
3,1,1.666666667,1,1,1,598,2,2
3,3,3,3,3,3,1186,3,3
3,2.5,2.666666667,1,1,3,1503,2,6
3,3,4.333333333,2,3,3,184,3,10
2,1.5,2.333333333,1,2,3,666,2,2
1,1,1,1,1,1,1139,2,3
6,4.5,3.666666667,2,2,4,38,1,6
5,1.5,1.666666667,2,1,5,1723,1,5
4,3.5,2.333333333,1,4,2,131,1,2
4,1,3,1,4,2,929,1,6
3,3,2.333333333,3,3,3,1133,3,3
1,1.5,1.666666667,1,2,2,1050,2,2
2,2,2,2,2,2,2384,2,7
4,1,2.666666667,2,3,4,1480,1,5
5,2.5,2.333333333,3,5,3,1961,3,4
6,1,3.333333333,2,5,5,259,1,4
3,3,5,3,2,4,742,3,2
2,2,3.333333333,3,4,4,677,3,5
3,1,2.333333333,1,2,3,612,2,4
3,3,2.666666667,2,1,3,2369,2,3
1,1,1,1,3,1,1624,2,4
1,1,1,1,1,1,633,2,2
1,1,1,1,1,1,701,2,2
5,1.5,1.333333333,3,3,2,1468,1,6
3,1.5,3,3,3,3,473,3,11
2,1,1.333333333,1,4,4,1423,2,6
3,2.5,2.333333333,1,2,3,524,2,8
4,1,1.666666667,1,3,1,1271,1,7
3,1,2.666666667,1,2,2,2288,2,3
4,2,3,2,3,3,1937,1,3
4,4,3.333333333,3,3,3,588,3,3
4,1,1.666666667,1,1,1,246,2,6
3,2.5,2,2,3,1,945,2,3
3,2.5,2.666666667,2,3,3,586,3,4
4,3.5,2,2,2,4,839,1,2
6,2,1.333333333,2,2,3,1351,1,4
6,1.5,2.666666667,1,3,3,1885,1,9
4,1,1.666666667,1,2,3,1102,1,8
4,2.5,2.333333333,3,3,4,856,3,7
6,1.5,2,4,3,5,1641,1,3
3,2,2,1,4,3,190,3,7
3,1.5,1.666666667,1,2,4,1446,2,7
5,4,4,2,5,3,1982,3,11
3,1.5,2.666666667,2,4,3,1466,3,5
5,3.5,2.666666667,2,3,3,659,1,5
2,1.5,4,1,3,3,744,2,3
2,1.5,1.333333333,2,2,2,197,2,5
5,1,2.666666667,1,4,4,208,1,9
6,4.5,3,4,4,4,1872,3,8
3,3,4.333333333,3,5,3,2149,3,5
3,3,2,3,4,4,228,3,3
1,1.5,3,5,5,5,386,3,9
1,1,1,1,1,1,2371,2,2
1,1,2.333333333,3,3,5,181,3,10
2,1.5,2,3,2,2,2269,2,4
5,1,3.333333333,1,5,3,2004,1,10
5,1,2.333333333,2,3,4,2071,1,10
2,1,2.333333333,2,2,4,155,2,9
3,2.5,1.666666667,1,2,2,357,2,2
4,1.5,2.666666667,3,3,4,2320,3,4
3,4.5,3,3,3,4,1596,3,6
3,3.5,4.333333333,3,4,3,1104,3,3
2,2.5,3,3,3,3,2104,3,4
2,2,2.333333333,2,3,3,943,2,2
5,4.5,3,6,6,6,1570,3,1
2,1.5,2,2,2,4,2258,2,5
4,1,3,1,6,5,2043,3,2
1,1,3,1,3,3,658,2,7
6,2,5,2,2,2,412,1,4
3,3,1,5,5,4,1721,3,9
2,1,3.333333333,1,3,2,356,2,3
3,1,1.666666667,3,4,3,1647,3,7
4,1,2.333333333,1,2,2,1442,1,7
1,3.5,1,1,6,6,1659,3,5
5,4,2.666666667,3,5,4,1222,3,2
1,2,2.666666667,3,6,3,1711,3,8
4,1,2.333333333,2,3,4,1968,1,7
4,2.5,2.666666667,3,3,3,109,1,3
2,2.5,2,3,2,2,526,2,2
3,2.5,1.666666667,2,2,1,2236,2,4
5,1,1.333333333,1,4,3,1199,1,6
5,2,3.333333333,3,6,4,1035,3,8
1,2.5,3.666666667,1,6,5,1586,3,8
5,4,2.333333333,1,2,3,912,1,6
2,2,3,2,2,2,123,2,4
2,3.5,4.666666667,1,3,6,55,3,4
2,1,2.333333333,1,6,5,283,3,2
5,3.5,3.333333333,1,5,3,766,1,7
2,3,2.666666667,1,4,4,127,3,3
6,3.5,2.666666667,1,5,2,1930,1,7
5,2,1.666666667,3,5,3,1279,1,8
4,1,1.666666667,1,3,2,1955,1,4
4,3,2,2,3,2,409,1,6
5,2,2,3,2,3,1676,1,4
2,1,2.333333333,1,2,2,2073,2,3
3,1.5,1.666666667,3,3,2,2102,2,4
1,1,3,1,3,3,1210,2,2
5,1,2.333333333,4,3,4,185,1,11
3,1,1,2,2,3,1493,2,5
1,1,1,1,1,1,2365,2,3
3,2,3.333333333,1,3,2,70,2,6
1,2,1.333333333,1,3,3,969,2,2
5,1.5,4,4,4,3,68,3,4
6,1,2.666666667,2,6,6,2050,3,6
4,1.5,1.666666667,2,4,3,2373,1,2
2,1.5,2.666666667,3,5,3,1374,3,10
1,1,3,2,1,3,1172,2,2
4,1,3.666666667,3,4,3,1566,3,4
6,1,1,1,4,1,1979,1,5
2,1,3,2,5,2,477,3,5
4,4.5,4.666666667,3,3,5,964,3,2
1,1,1,1,1,1,2261,2,2
5,1.5,3.333333333,1,4,5,49,1,4
4,1,3.333333333,1,2,3,1957,1,2
2,1.5,1.333333333,2,2,2,1081,2,2
5,2,3.666666667,1,2,4,1991,1,4
2,2,2,2,2,2,825,2,3
4,2.5,2,2,3,4,1119,1,11
3,3,3,3,3,3,946,3,2
5,1.5,3.333333333,3,3,3,582,1,7
6,1,1,1,1,1,391,1,2
1,1,3,3,3,3,1327,2,3
4,2,2.666666667,3,4,4,1315,3,3
5,1.5,1.666666667,1,4,4,1847,1,6
4,2.5,2.333333333,2,1,2,719,1,3
3,3,2,2,2,3,2156,2,5
2,2,3.333333333,2,6,4,1160,3,2
1,2,1.333333333,2,2,2,2174,2,4
3,1,2,1,1,4,1875,2,3
1,1,1.333333333,3,2,2,2134,2,4
3,2,2.333333333,5,5,5,2015,3,1
3,1,2,3,4,6,1452,3,7
2,3,2,2,3,2,2316,2,3
4,2,2.666666667,3,3,3,2052,1,8
5,1,1.333333333,1,3,4,1798,1,5
2,2,2,2,2,2,168,2,7
2,2,2.666666667,2,5,5,1551,3,7
2,1,2,1,2,2,2319,2,2
5,1,1,3,3,3,487,1,2
3,3,3,4,3,4,29,3,6
1,2,1.666666667,1,4,3,2140,2,2
2,2,2,2,2,2,2229,2,2
5,1,2,4,3,4,2037,1,7
2,1.5,2.333333333,2,2,1,836,2,3
1,3.5,3.333333333,3,4,4,2186,3,4
4,2,3,1,3,2,597,1,7
6,1,2,2,1,5,2393,1,4
4,1,2.333333333,2,5,3,2031,3,3
3,1.5,2.333333333,4,2,4,1630,3,3
4,1.5,1.666666667,3,3,3,2372,1,8
6,4.5,4,6,6,6,1489,3,4
3,3,3,3,3,3,995,3,4
3,1,1,1,1,1,925,2,2
1,2,2,2,2,2,702,2,5
3,2.5,2.333333333,3,4,4,2383,3,2
4,1,2,1,2,1,460,2,5
2,3,1.333333333,2,4,4,136,3,2
1,2.5,1,1,6,1,608,2,2
2,2.5,3.333333333,3,3,4,1652,3,1
4,2,3.333333333,1,3,5,983,1,9
3,1,1.666666667,3,2,3,2324,2,2
4,1.5,3.333333333,3,3,4,878,3,6
2,3,3.333333333,2,2,2,664,2,4
2,2.5,2.333333333,3,3,3,536,3,5
3,2,1.666666667,1,2,3,877,2,2
1,1.5,1.333333333,2,1,2,273,2,4
3,2.5,3,1,4,3,1696,3,6
1,1,1,1,1,1,1100,2,2
5,1.5,2.333333333,1,3,3,571,1,8
3,1,2.333333333,1,3,3,16,2,8
2,1,2.333333333,3,3,3,1754,2,6
2,1,3.333333333,1,1,1,2290,2,3
4,1,1,2,5,3,690,1,3
6,1,2,1,1,2,895,1,9
3,2.5,5,2,3,4,893,3,2
2,1.5,2.333333333,1,1,2,748,2,2
3,3,2,3,3,3,2235,3,3
5,1,3,1,5,2,1735,1,5
4,2.5,2.666666667,2,2,4,1475,1,8
1,1,3,2,3,3,1111,2,5
2,2,2,2,2,2,488,2,5
2,2,2.666666667,2,4,3,21,3,7
2,3.5,4,3,4,4,1516,3,8
2,1,2,1,4,4,1352,3,4
3,3.5,3.666666667,2,5,5,1069,3,9
2,2,2,2,2,2,2201,2,9
5,1,2,2,2,2,1086,1,4
3,4,3.666666667,3,4,3,2165,3,3
1,2,2,3,1,5,279,2,2
4,2,1.333333333,2,5,5,1372,3,3
3,2,3,2,4,5,926,3,2
1,3,1.333333333,1,5,1,1825,2,3
2,1,2,4,3,3,255,2,4
3,1,2.666666667,1,4,2,37,2,7
2,2,3.666666667,4,4,4,1337,3,8
1,1,2.666666667,1,1,1,551,2,7
4,2,1.666666667,1,3,1,2105,1,2
1,2,2.666666667,3,3,5,1455,3,9
5,3.5,2.666666667,4,4,2,1402,3,8
5,2,3.333333333,2,3,5,1526,1,2
5,1,1.333333333,1,1,2,1419,1,2
3,3,3,3,3,3,1105,3,5
3,2.5,2,1,3,2,1523,2,5
3,1.5,2.333333333,3,3,3,1959,3,2
1,3.5,2,1,1,5,76,2,6
2,1,4,3,4,5,307,3,4
1,1,1,1,1,1,66,2,2
1,3.5,1.333333333,1,2,2,398,2,7
4,2.5,1.333333333,3,5,6,1849,3,9
1,2,1,1,1,1,2103,2,7
3,4,3.666666667,2,5,5,1819,3,10
2,2.5,2,3,4,3,205,3,9
4,2.5,2.333333333,2,6,4,1182,3,10
3,2.5,2,2,2,4,497,2,7
5,2,2,3,3,4,1896,1,8
1,1.5,2.333333333,2,3,2,1479,2,5
4,1.5,1,2,1,2,560,2,2
3,2.5,2,1,2,2,2108,2,5
1,1,1,1,2,4,2339,2,4
5,1,3.666666667,1,3,4,1380,1,9
2,2,2.333333333,4,4,4,69,3,2
4,5,3,2,1,6,790,3,2
2,2,2,3,3,3,79,2,2
3,2,3.333333333,2,4,3,1747,3,6
3,1,1.333333333,1,3,4,1018,2,2
3,3.5,2.333333333,2,5,5,1456,3,7
2,1.5,1.333333333,2,1,2,63,2,3
3,4,2.666666667,2,3,3,896,3,2
3,2,1.666666667,1,3,3,2276,2,4
3,1,1.666666667,2,3,3,1680,2,4
1,1,1,1,1,1,675,2,3
2,1,2.666666667,1,5,3,587,3,4
3,2.5,2.666666667,3,4,4,1702,3,11
3,1,2.333333333,3,3,4,1649,3,4
2,1,1.333333333,1,4,3,395,2,3
3,2,1.666666667,3,4,3,1950,3,5
2,2.5,1.333333333,1,1,2,327,2,2
1,1,2,1,2,1,1844,2,7
2,2,1.666666667,2,2,2,171,2,6
6,1,1,1,1,6,2249,1,2
4,1,1.333333333,1,3,1,528,1,5
3,2,2.666666667,2,1,4,1044,2,2
4,1,2,1,4,5,1958,1,2
1,1,2,2,4,4,1101,3,2
4,1,1,1,1,1,1311,2,2
6,1,1,1,1,1,1628,1,5
1,1,1,1,1,1,1990,2,3
1,1,1,1,1,1,749,2,5
2,1.5,2,2,2,1,759,2,4
1,1,2.666666667,2,3,3,50,2,6
6,1,3.666666667,1,1,6,158,1,9
1,1.5,1.333333333,3,2,1,2394,2,3
3,1.5,1.333333333,2,1,2,693,2,3
6,3,3,1,5,3,90,1,9
4,1,3.333333333,3,6,4,917,3,4
6,6,4.333333333,1,6,6,774,3,6
4,1.5,1.666666667,3,4,3,2327,1,2
6,1.5,2,1,1,2,1556,1,4
6,1,3.666666667,1,2,6,1880,1,7
4,3,2.666666667,4,3,3,1084,3,2
3,1,1,2,3,5,1873,3,4
2,3,1.666666667,1,4,2,392,2,6
4,1.5,1.333333333,6,4,4,2217,3,2
3,3,3,3,2,3,865,3,2
3,3.5,2,5,5,5,1331,3,2
3,1.5,1.666666667,1,3,3,695,2,3
2,1,3,3,6,6,1302,3,5
2,3,3.666666667,4,4,4,1465,3,4
3,3,3,3,3,3,113,3,2
1,3,2.333333333,3,2,3,227,2,2
3,2,2.666666667,2,3,2,1902,2,3
2,1.5,2,2,3,3,1878,2,3
2,2,2.333333333,3,6,3,2059,3,9
4,1,2.666666667,2,2,3,576,1,2
2,1.5,1.666666667,4,5,3,97,3,5
1,1,2.666666667,3,2,2,1820,2,6
2,2,1.666666667,2,2,3,2220,2,2
1,1,1,1,1,1,1709,2,3
3,1.5,2,3,1,2,387,2,2
4,3,2.333333333,2,5,3,1591,3,6
2,2.5,2,1,5,3,471,3,2
5,1,2.666666667,3,6,5,1695,3,6
3,3,3,3,3,3,343,3,5
2,1.5,2.333333333,2,2,1,199,2,8
5,1.5,2,1,4,3,914,1,5
3,3,3,4,3,3,325,3,6
3,2,3,2,4,5,1473,3,5
6,1,1,1,2,2,2311,1,7
3,2,3,2,3,2,166,2,4
6,1,2.666666667,1,4,2,805,1,2
2,1,3.666666667,1,2,3,1152,2,8
1,1,1.666666667,3,3,1,1024,2,2
1,1,2,1,4,1,462,2,4
4,3,4.333333333,2,2,3,855,1,4
6,1,2,1,2,2,808,1,5
3,4,3.666666667,2,5,3,709,3,2
5,1,1.666666667,3,5,3,1273,1,7
6,2.5,3,1,5,5,1956,1,3
4,1.5,2.666666667,4,5,4,1401,3,5
2,2.5,3,1,3,2,336,2,2
2,3,2.666666667,2,5,5,686,3,6
4,1,2,1,1,4,585,1,5
1,1,2.333333333,2,5,3,1813,3,5
4,3,2,1,3,3,1796,1,3
2,2,2.333333333,2,4,3,1692,3,3
5,1,2,1,1,1,2131,1,9
5,4,2.333333333,2,2,4,19,1,2
2,1,2,1,3,4,482,2,5
4,1,1.666666667,1,2,2,346,1,8
2,2,2.333333333,2,1,2,445,2,2
1,1.5,3,2,6,6,449,3,2
6,1,2.333333333,6,3,2,1889,1,9
2,1.5,2.666666667,1,1,1,2163,2,9
3,4.5,2,1,4,5,189,3,9
5,4,1,1,1,5,594,1,3
4,3,2.333333333,3,2,3,1718,1,4
3,4.5,2.666666667,2,4,2,2054,3,5
1,2,2.333333333,2,2,2,204,2,6
4,1,3.333333333,3,1,3,2291,1,6
1,1,2,1,3,2,2381,2,2
4,2.5,4.666666667,4,2,3,1964,3,2
3,1.5,1.666666667,2,3,4,1328,3,4
5,2,1,1,2,4,1297,1,2
2,2,2.333333333,3,1,5,1573,2,2
1,1,3,1,2,2,954,2,7
3,3,2.666666667,3,4,3,366,3,5
3,2.5,1,3,6,6,1425,3,5
2,1.5,1.333333333,2,2,2,2219,2,2
5,1,2.666666667,3,4,3,1928,1,5
5,2,1.333333333,1,1,2,665,1,2
4,1,1.666666667,3,3,4,376,1,2
5,1.5,2.666666667,2,1,5,1812,1,6
5,1,3.333333333,6,2,4,1743,3,2
1,1,2.333333333,2,3,5,1259,3,5
4,2,1.333333333,2,3,4,2033,1,3
3,3,3,3,3,3,831,3,4
1,1,2.666666667,5,1,4,1432,2,6
2,2,3,2,4,3,621,3,4
2,2,2,1,2,3,1805,2,3
3,2,3.666666667,3,3,4,1622,3,6
5,3,3.666666667,2,3,4,1845,1,7
1,1,1,1,1,1,2272,2,5
5,2.5,2.333333333,1,3,4,2192,1,4
4,1,2.333333333,1,3,2,638,1,10
5,4,3.666666667,2,5,5,901,3,5
1,1,1,1,1,1,112,2,4
4,1,2.666666667,2,3,4,1002,1,2
6,3.5,2,1,5,3,2003,1,1
2,4,3,1,3,3,1416,2,8
1,1.5,1,1,2,3,2112,2,2
6,1,2,5,4,3,1590,1,9
2,2.5,2.333333333,3,3,1,2234,2,2
1,4,2,1,3,4,1739,2,6
4,4,3,2,6,4,67,3,7
2,1.5,1.666666667,2,2,2,188,2,5
4,1,2.333333333,1,3,4,183,1,7
3,1,1.333333333,1,3,4,32,2,8
2,2.5,3,1,1,4,202,2,5
4,1,3,3,3,4,1348,1,3
1,1.5,2.666666667,2,4,2,755,2,4
4,1,1.333333333,1,1,1,447,2,2
4,1,2,2,5,3,1753,3,4
4,2,2,3,4,5,1382,3,4
1,1,3.666666667,1,2,2,1434,2,4
1,1,1.666666667,1,2,1,253,2,3
3,3,3,1,3,4,225,3,5
3,2,2.333333333,3,3,3,2072,3,6
6,1,1.333333333,1,1,3,609,1,2
2,2,3.666666667,3,3,3,174,3,9
4,2,2,1,3,3,643,1,2
3,2,2,2,4,2,1244,2,2
5,2,1.666666667,1,3,5,2028,1,4
3,1,1.666666667,3,1,3,863,2,3
3,1,2,1,2,2,1082,2,4
3,3,1.666666667,2,2,1,1243,2,2
3,3.5,3.666666667,2,5,3,338,3,2
5,1,2.333333333,2,3,2,1491,1,1
3,2,1,4,4,3,1254,3,3
5,1.5,2.666666667,3,3,4,1947,1,5
4,2,2,3,6,6,1821,3,6
4,2,3.333333333,3,4,2,1388,3,3
6,1.5,2,3,4,2,46,1,2
6,4.5,5,3,6,5,1204,3,2
6,1,1.666666667,1,6,2,1607,1,6
2,2.5,5,1,3,3,1733,3,5
2,3,2,1,3,3,203,2,3
4,3.5,2.333333333,3,3,3,1444,3,8
4,2.5,3.666666667,2,2,4,1124,1,3
2,2,2.333333333,4,3,3,1852,3,5
2,1,1.666666667,3,3,3,651,2,8
6,1,4.333333333,2,3,5,1108,1,5
3,2.5,2.666666667,2,4,4,881,3,4
2,1,2,1,3,3,1042,2,5
1,1,3.333333333,3,5,6,1358,3,8
3,3,2.666666667,2,3,5,1759,3,7
5,2,2,2,3,3,2058,1,2
2,1.5,2,3,3,4,1836,3,6
4,4.5,3,2,4,4,635,3,6
5,2,2.333333333,1,2,2,559,1,4
2,1,2,3,2,3,300,2,2
2,2,2.666666667,3,4,4,2390,3,4
6,6,1.333333333,1,2,2,1098,1,4
4,3,3.333333333,3,3,3,148,3,2
6,1.5,3,1,4,6,1409,1,5
3,2,1,3,3,3,1022,2,4
1,1,1.666666667,1,1,4,120,2,9
2,2,2.333333333,3,4,3,971,3,2
6,1.5,2,1,6,2,1653,1,3
3,1,1.333333333,3,4,1,415,2,7
3,1.5,3.666666667,1,1,3,685,2,2
3,1,2.666666667,2,4,5,1420,3,4
3,2,2.333333333,3,3,1,469,2,2
6,1,1.333333333,1,1,1,661,1,3
4,2,3,3,3,2,71,1,4
1,1,3,1,1,3,81,2,5
6,3.5,2.333333333,1,3,4,1855,1,10
4,3,2,2,3,4,1226,1,3
6,1,2.333333333,1,6,1,1594,1,3
1,1,1,1,2,1,1977,2,2
5,1,3.666666667,1,5,5,1582,1,3
4,1,2.666666667,1,6,3,1983,3,7
3,1,3.333333333,2,2,3,1496,2,3
3,1,1.333333333,1,5,2,1621,2,2
2,1.5,1,1,1,2,2032,2,7
1,1,1,1,1,1,1013,2,2
2,2.5,3,2,4,2,967,3,2
2,2.5,2.333333333,2,2,4,681,2,5
3,2,2,1,4,4,161,3,5
3,1,1.666666667,1,1,3,1234,2,7
2,3.5,1,2,4,3,1645,3,8
4,4,2,2,2,2,1737,1,7
5,1,1.333333333,6,2,3,1440,1,4
1,3.5,1.666666667,3,3,1,14,2,5
2,1,1.333333333,2,2,2,673,2,2
